<?xml version="1.0" encoding="UTF-8"?>
<permission_mappings>
    <permission name="/teachers/home.html">
        <implies allow="post">/ws/schema/query/org.helenaschools.hsd_teachers.teacher.guardianEmails</implies>
    </permission>
    <permission name="/admin/students/home.html">
        <implies allow="post">/ws/schema/query/org.helenaschools.hsd_teachers.teacher.guardianEmails</implies>
    </permission>
    <permission name="/teachers/home.html">
        <implies allow="post">/ws/schema/query/org.helenaschools.hsd_teachers.teacher.spedAlert</implies>
    </permission>
    <permission name="/admin/students/home.html">
        <implies allow="post">/ws/schema/query/org.helenaschools.hsd_teachers.teacher.spedAlert</implies>
    </permission>
</permission_mappings>